/category/work /blog/category/work
/category/tech /blog/category/tech
/category/samurai-route /blog/category/samurai-route
/category/marketing /blog/category/marketing
/category/literature /blog/category/literature
/category/japan /blog/category/japan
/category /blog/category
/category/games /blog/category/games
/category/film /blog/category/film
/category/education /blog/category/education
/lessons-learned-writing-our-own-static-site-generator /blog/lessons-learned-writing-our-own-static-site-generator
/migrate-from-ghostjs-to-gatsbyjs /blog/migrate-from-ghostjs-to-gatsbyjs
/move-your-react-json-api-project-from-redux-to-mobx /blog/move-your-react-json-api-project-from-redux-to-mobx
/a-few-more-vuejs-2-tweaks-for-the-beginners /blog/a-few-more-vuejs-2-tweaks-for-the-beginners
/vuejs-first-impression-and-how-to-work-with-svgs /blog/vuejs-first-impression-and-how-to-work-with-svgs
/how-to-set-up-a-react-es6-app-for-production-on-ubuntu /blog/how-to-set-up-a-react-es6-app-for-production-on-ubuntu
/los-libros-que-mas-me-han-marcado /blog/los-libros-que-mas-me-han-marcado
/open-source-lms-with-react-and-node-js /blog/open-source-lms-with-react-and-node-js
/los-antecedentes-de-los-medios-interactivos /blog/los-antecedentes-de-los-medios-interactivos
/build-a-social-website-aggregator-using-meteor /blog/build-a-social-website-aggregator-using-meteor
/javascript-understanding-the-weird-parts-part-2 /blog/javascript-understanding-the-weird-parts-part-2
/how-to-create-a-portfolio-in-ghost /blog/how-to-create-a-portfolio-in-ghost
/tutorial-build-a-weather-app-with-react /blog/tutorial-build-a-weather-app-with-react
/javascript-understanding-the-weird-parts /blog/javascript-understanding-the-weird-parts
/site-of-the-year-2015 /blog/site-of-the-year-2015
/the-best-codepens-of-2015 /blog/the-best-codepens-of-2015
/geek-life /blog/geek-life
/full-stack-developers /blog/full-stack-developers
/the-internets-own-boy-the-story-of-aaron-swartz /blog/the-internets-own-boy-the-story-of-aaron-swartz
/my-learnings-about-big-data /blog/my-learnings-about-big-data
/detecting-the-client-device-easily-with-device-js /blog/detecting-the-client-device-easily-with-device-js
/javascript-loader-with-promises /blog/javascript-loader-with-promises
/bikesafe-in-london /blog/bikesafe-in-london
/tutorial-how-to-build-a-multi-player-quiz-app-with-sails-js /blog/tutorial-how-to-build-a-multi-player-quiz-app-with-sails-js
/searching-for-sugar-man /blog/searching-for-sugar-man
/an-introduction-to-mobile-development /blog/an-introduction-to-mobile-development
/the-royal-opera-house-in-numbers /blog/the-royal-opera-house-in-numbers
/churchill-beats-spiderman-to-world-record /blog/churchill-beats-spiderman-to-world-record
/if-content-is-king-data-is-queen /blog/if-content-is-king-data-is-queen
/our-new-website-an-update-on-progress /blog/our-new-website-an-update-on-progress
/our-website-a-look-forward /blog/our-website-a-look-forward
/mi-portatil-resucita-microsiervos-y-romeo-y-julieta-en-el-o2-arena /blog/mi-portatil-resucita-microsiervos-y-romeo-y-julieta-en-el-o2-arena
/obsolescencia-programada-mi-portatil-ha-muerto /blog/obsolescencia-programada-mi-portatil-ha-muerto
/situacion-en-sendai-despues-del-terremoto /blog/situacion-en-sendai-despues-del-terremoto
/impresionantes-fotos-de-la-ultima-edicion-del-dakar-2011 /blog/impresionantes-fotos-de-la-ultima-edicion-del-dakar-2011
/objetivo-conseguido /blog/objetivo-conseguido
/cronica-de-mongolia-parte-i /blog/cronica-de-mongolia-parte-i
/el-dia-de-la-marmota-version-rusa /blog/el-dia-de-la-marmota-version-rusa
/guerra-y-paz-amor-y-odio /blog/guerra-y-paz-amor-y-odio
/entrando-en-rusia /blog/entrando-en-rusia
/la-dimension-de-los-suenos /blog/la-dimension-de-los-suenos
/seguimiento-del-viaje /blog/seguimiento-del-viaje
/ya-hemos-salido /blog/ya-hemos-salido
/museo-bandera-de-la-paz-nicolas-roerich /blog/museo-bandera-de-la-paz-nicolas-roerich
/viaje-a-barcelona-reunion-con-yamaha-y-midland /blog/viaje-a-barcelona-reunion-con-yamaha-y-midland
/ya-tenemos-las-primeras-camisetas /blog/ya-tenemos-las-primeras-camisetas
/1001-pelis-para-ver-antes-de-morir /blog/1001-pelis-para-ver-antes-de-morir
/ruta-por-teruel-y-preparativos-para-japon-vicente-malpica /blog/ruta-por-teruel-y-preparativos-para-japon-vicente-malpica
/cartas-a-patrocinadores /blog/cartas-a-patrocinadores
/tomoe-gozen-la-mujer-samurai /blog/tomoe-gozen-la-mujer-samurai
/peliculas-sobre-mongolia-que-tienes-que-ver /blog/peliculas-sobre-mongolia-que-tienes-que-ver
/increible-tesoro-bajo-la-arena-del-gobi /blog/increible-tesoro-bajo-la-arena-del-gobi
/prensa-y-medios-de-comunicacion /blog/prensa-y-medios-de-comunicacion
/la-ruta-samurai-por-espana /blog/la-ruta-samurai-por-espana
/la-historia-de-hasekura-tsunenaga /blog/la-historia-de-hasekura-tsunenaga
/enlaces-a-webs-de-viajeros-y-amigos /blog/enlaces-a-webs-de-viajeros-y-amigos
/los-pilotos-y-las-motos /blog/los-pilotos-y-las-motos
/el-proyecto /blog/el-proyecto
/el-evento-iweekend-de-alicante-ha-sido-un-exito /blog/el-evento-iweekend-de-alicante-ha-sido-un-exito
/50-animes-para-ver-this-summer /blog/50-animes-para-ver-this-summer
/nuevos-temas-de-webmarket-para-igoogle /blog/nuevos-temas-de-webmarket-para-igoogle
/razones-por-las-que-me-gusta-japon /blog/razones-por-las-que-me-gusta-japon
/los-videojuegos-desarrollan-la-inteligencia /blog/los-videojuegos-desarrollan-la-inteligencia
/la-invasion-de-las-cucarachas /blog/la-invasion-de-las-cucarachas
/la-tumba-de-las-luciernagas /blog/la-tumba-de-las-luciernagas
/las-50-mejores-peliculas-de-los-anos-80 /blog/las-50-mejores-peliculas-de-los-anos-80
/una-idea-para-un-proyecto-un-poco-geek /blog/una-idea-para-un-proyecto-un-poco-geek
/pros-y-contras-del-teletrabajo /blog/pros-y-contras-del-teletrabajo
/vicky-cristina-barcelona /blog/vicky-cristina-barcelona
/padam-padam-padam /blog/padam-padam-padam
/el-monje-que-vendio-su-ferrari /blog/el-monje-que-vendio-su-ferrari
/kim-ki-duk-breath /blog/kim-ki-duk-breath
/pequeno-lavado-de-cara /blog/pequeno-lavado-de-cara
/nuevo-logotipo-de-webmarket /blog/nuevo-logotipo-de-webmarket
/las-nuevas-tarjetas-de-visita /blog/las-nuevas-tarjetas-de-visita
/la-informatica-que-cambio-nuestras-vidas /blog/la-informatica-que-cambio-nuestras-vidas
/hey-quiero-ser-disenador-web /blog/hey-quiero-ser-disenador-web
/multigadget-para-windows-vista /blog/multigadget-para-windows-vista
/enviar-backups-automaticos-a-otro-servidor-con-cpanel-y-php /blog/enviar-backups-automaticos-a-otro-servidor-con-cpanel-y-php
/crear-documentos-pdf-con-php-usando-fpdf /blog/crear-documentos-pdf-con-php-usando-fpdf
/inmoflash-y-tiendaflash /blog/inmoflash-y-tiendaflash
/una-tienda-virtual /blog/una-tienda-virtual
/booking-form /work/booking-form
/diner-app /work/diner-app
/wekohi /work/wekohi
/tablemap /work/tablemap
/bunjin /work/bunjin
/tablekit /work/tablekit
/insight /work/insight
/tablefriends /work/tablefriends
/sugui /work/sugui
/sliding-puzzle /work/sliding-puzzle
/bonsai /work/bonsai
/fingertips /work/fingertips
/standup /work/standup
/tapas /work/tapas
/wippy /work/wippy
/maple /work/maple
/vodafone /work/vodafone
/commit /work/commit
/canary /work/canary
/hypatia /work/hypatia
/lighthouse /work/lighthouse
/stack /work/stack
/weather /work/weather
/joanmira /work/joanmira
/dove /work/dove
/travelers /work/travelers
/fireworks-installation /work/fireworks-installation
/lloyds /work/lloyds
/savethechildren /work/savethechildren
/saga /work/saga
/barclays /work/barclays
/vitality /work/vitality
/visagio /work/visagio
/box2d-talk /work/box2d-talk
/dyson /work/dyson
/quizwars /work/quizwars
/sapientnitro /work/sapientnitro
/bt /work/bt
/volvo /work/volvo
/ylmls /work/ylmls
/marksandspencer /work/marksandspencer
/artrules /work/artrules
/martosrubio /work/martosrubio
/churchill /work/churchill
/sky /work/sky
/wcrs /work/wcrs
/andcounting /work/andcounting
/artemis /work/artemis
/dj-wannabe /work/dj-wannabe
/car-race /work/car-race
/bandq /work/bandq
/kittitian /work/kittitian
/rtshapes /work/rtshapes
/rpong /work/rpong
/qrcube /work/qrcube
/philippines /work/philippines
/face-detection /work/face-detection
/drurylane /work/drurylane
/xmas-gift /work/xmas-gift
/warburtons /work/warburtons
/radox /work/radox
/mini /work/mini
/santander /work/santander
/momardi /work/momardi
/shoujin /work/shoujin
/roh /work/roh
/german-linares /work/german-linares
/seor /work/seor
/tension-studio /work/tension-studio
/shambala-roerich /work/shambala-roerich
/emmebi /work/emmebi
/busaf /work/busaf
/famasystems /work/famasystems
/esuma /work/esuma
/estrellagalicia /work/estrellagalicia
/colchonbarato /work/colchonbarato
/afrogitano /work/afrogitano
/yonococino /work/yonococino
/macom /work/macom
/lapcm /work/lapcm
/newtir /work/newtir
/mk-creativo /work/mk-creativo
/promoseekers /work/promoseekers
/mediamarkt /work/mediamarkt
/mi-primer-atlas /work/mi-primer-atlas
/logeddie /work/logeddie
/salvador-grau /work/salvador-grau
/precopan /work/precopan
/plusvila /work/plusvila
/villas-termales /work/villas-termales
/no-somos-numeros /work/no-somos-numeros
/costablanca /work/costablanca
/citigroup /work/citigroup
/cecva /work/cecva
/alcaladehenares /work/alcaladehenares
/agustilopez /work/agustilopez
/website-profesional /work/website-profesional
/marco-rojo /work/marco-rojo
/tau-consulting /work/tau-consulting
/muvap /work/muvap
/invidentes /work/invidentes
/green-point /work/green-point
/webmarket /work/webmarket
/tello-serna /work/tello-serna
/formatio /work/formatio
/santillana /work/santillana
/digitaltoy /work/digitaltoy
/cubret /work/cubret
/crasociados /work/crasociados
/nosurrender /work/nosurrender
/mic-mic /work/mic-mic
/viveros-murcia /work/viveros-murcia
/grupo-innovaconst /work/grupo-innovaconst
/ibcmass /work/ibcmass
/innova-ciudad /work/innova-ciudad
/refcovers /work/refcovers
/roberto-silvosa /work/roberto-silvosa
/proyecto2025 /work/proyecto2025
/cogersa /work/cogersa
/atolon3d /work/atolon3d
/local7 /work/local7
/ies-miguel-hernandez /work/ies-miguel-hernandez
/residencial-isla-tabarca /work/residencial-isla-tabarca
/editex /work/editex
/gruposoledad /work/gruposoledad
/ivan-torres /work/ivan-torres
/render-render /work/render-render
/save-guimaras /work/save-guimaras
/gazpachu /work/gazpachu
/slaterlabs /work/slaterlabs
/mugfaker-project /work/mugfaker-project
/audiovamp /work/audiovamp
/la-camara /work/la-camara
/stephane-et-celine /work/stephane-et-celine
/la-solidaridad /work/la-solidaridad
/lovul /work/lovul
/baxtermead /work/baxtermead
/proyecto-hombre /work/proyecto-hombre
/elplantio /work/elplantio